,,,tripduration,tripduration,tripduration,tripduration,tripduration
,,,count,sum,max,min,mean
start station name,start station latitude,start station longitude,,,,,
1 Ave & E 110 St,40.7923272,-73.9383,2449,2360820,770998,61,963.9934667211106
1 Ave & E 16 St,40.73221853,-73.98165557,14002,10707205,1630514,61,764.6911155549208
1 Ave & E 18 St,40.73381219196632,-73.9805442094803,10769,6826843,86418,61,633.9347200297149
1 Ave & E 30 St,40.74144387,-73.97536082,7855,5735468,168792,61,730.1677912157861
1 Ave & E 44 St,40.75001986,-73.96905301,7026,6609450,501019,61,940.7130657557643
1 Ave & E 62 St,40.761227399999996,-73.96094022,7896,6437422,95156,62,815.2763424518744
1 Ave & E 68 St,40.76500525,-73.95818491,11580,9146610,54497,61,789.8626943005181
1 Ave & E 78 St,40.77140426,-73.9535166,8445,5844948,18488,62,692.1193605683836
1 Ave & E 94 St,40.78172120000001,-73.94594000000001,2803,2315648,76094,67,826.1320014270425
1 Pl & Clinton St,40.6809591,-73.99905709,1775,1049452,6004,63,591.2405633802817
10 Hudson Yards,40.752957,-74.00264,843,897954,270597,84,1065.1886120996442
10 St & 5 Ave,40.6686273,-73.98700053,1204,891873,88428,66,740.7583056478405
10 St & 7 Ave,40.666207799999995,-73.98199886,2201,1375303,58242,62,624.8537028623354
11 Ave & W 27 St,40.751396,-74.00522600000001,9176,8760272,1947736,62,954.6939843068875
11 Ave & W 41 St,40.76030096,-73.99884222,9115,6726082,80152,61,737.9135490948985
11 Ave & W 59 St,40.771496710544405,-73.99046033620834,7905,7350116,52257,61,929.805945604048
11 St & 35 Ave,40.76274420000001,-73.9391141,250,205115,48391,65,820.46
11 St & 43 Ave,40.7519071,-73.94791190000001,413,332102,3719,64,804.1210653753027
12 Ave & W 40 St,40.76087502,-74.00277668,9542,11363167,350712,62,1190.857996227206
12 St & 4 Ave,40.668603000000004,-73.99043940000001,678,792125,187121,68,1168.325958702065
14 St & 5 Ave,40.666287,-73.98895053,1651,1206346,16380,71,730.6759539672926
14 St & 7 Ave,40.663779,-73.98396846,2287,1655991,117101,62,724.0887625710537
19 St & 24 Ave,40.777455200000006,-73.9225403,775,527137,10357,62,680.1767741935483
2 Ave & 36 St - Citi Bike HQ at Industry City,40.65708866668485,-74.00870203971863,873,1637119,181576,62,1875.2794959908363
2 Ave & 9 St,40.6724811,-73.99331394,635,485411,15578,78,764.4267716535433
2 Ave & E 104 St,40.789210499999996,-73.94370784,2169,1811238,238905,66,835.0567081604426
2 Ave & E 122 St,40.8006721,-73.9349,867,753991,78589,69,869.6551326412919
2 Ave & E 31 St,40.74290902,-73.97706058,10535,7778177,80215,61,738.3177028951116
2 Ave & E 72 St,40.7687620293096,-73.95840793848038,3827,2842220,91748,65,742.675725111053
2 Ave & E 96 St,40.7839636,-73.94716729999999,4427,3657100,531625,61,826.0899028687599
2 Ave & E 99 St,40.786258600000004,-73.94552579,1333,979513,49499,62,734.8184546136534
21 St & 31 Dr,40.7659,-73.930819,939,603598,45084,90,642.8093716719915
21 St & 36 Ave,40.760185299999996,-73.9362726,224,140219,3161,91,625.9776785714286
21 St & 38 Ave,40.7576314,-73.9391224,189,140411,4212,113,742.9153439153439
21 St & 43 Ave,40.75052534,-73.94594845,633,483644,11950,73,764.0505529225908
21 St & Hoyt Ave S,40.774645,-73.92370600000001,283,737302,437258,80,2605.3074204946997
21 St & Queens Plaza North,40.75325964,-73.94335788,1578,1174283,23013,64,744.159062103929
23 Ave & 27 St,40.776165,-73.9153175,366,209861,3860,78,573.3907103825137
24 Ave & 26 St,40.774591,-73.918544,828,949312,433848,78,1146.512077294686
24 Ave & 29 St,40.7729,-73.91614200000001,552,320135,8246,68,579.9547101449275
24 St & 41 Ave,40.752708500000004,-73.9397405,1122,804369,6418,67,716.9064171122994
27 Ave & 4 St,40.7747175,-73.93378940000001,215,181291,5438,95,843.2139534883721
27 Ave & 9 St,40.7739825,-73.93091340000001,322,276410,6363,71,858.416149068323
27 St & Hunter St,40.7485,-73.941275,1230,901310,12621,72,732.7723577235772
28 Ave & 35 St,40.7671,-73.9169858,809,518213,15312,68,640.5599505562423
28 Ave & 44 St,40.76408932350689,-73.9106512069702,627,1757224,1372092,108,2802.590111642743
28 St & 36 Ave,40.757186,-73.93271899999999,557,412265,10753,66,740.1526032315978
28 St & 38 Ave,40.754876,-73.934326,840,557077,27789,89,663.1869047619048
28 St & 41 Ave,40.751047,-73.93796999999999,1579,1353115,13535,64,856.9442685243826
3 Ave & 14 St,40.6685455,-73.99333264,915,766210,31638,74,837.3879781420765
3 Ave & E 100 St,40.787721399999995,-73.94728331,751,756683,199100,73,1007.5672436750999
3 Ave & E 112 St,40.795508,-73.94160600000001,764,737658,71326,68,965.520942408377
3 Ave & E 62 St,40.76312584,-73.96526895,3471,2476638,23394,63,713.5229040622299
3 Ave & E 71 St,40.76873687,-73.96119945,1592,3593643,2377708,63,2257.313442211055
3 Ave & E 72 St,40.7699426,-73.96060712,2033,1596425,87164,62,785.2557796360059
3 Ave & E 95 St,40.784596798848916,-73.94968539476396,1931,1394559,91118,65,722.1952356292077
3 Ave & Schermerhorn St,40.68683208,-73.9796772,2596,2021079,86695,62,778.5358243451464
3 St & 3 Ave,40.675070500000004,-73.98775226,2126,1395259,106543,65,656.2836312323612
3 St & 7 Ave,40.67038370000001,-73.97839676,1802,1136858,20226,63,630.8867924528302
3 St & Hoyt St,40.6777287,-73.99364123,1272,799264,16956,65,628.3522012578617
3 St & Prospect Park West,40.668132,-73.97363831,3545,2932252,78507,62,827.1514809590973
30 Ave & 21 St,40.77037429999999,-73.9286078,428,1223539,907299,93,2858.7359813084113
31 Ave & 14 St,40.7682,-73.9322662,529,304088,4382,68,574.8355387523629
31 Ave & 30 St,40.7647,-73.9240312,741,427012,11117,61,576.2645074224022
31 Ave & 34 St,40.763154,-73.920827,1238,1184674,430763,66,956.9256865912763
31 Ave & Crescent St,40.765834600000005,-73.9265474,750,550302,68018,77,733.736
31 Ave & Steinway St,40.76129389728909,-73.916916847229,957,657085,51150,71,686.6091954022988
31 St & 23 Ave,40.7747878,-73.91255509999999,2286,1914270,176788,64,837.3884514435696
31 St & 35 Ave,40.75820464696758,-73.92832159996033,344,178642,2854,85,519.3081395348837
31 St & Astoria Blvd,40.76991760000001,-73.91840570000001,1161,679978,26271,63,585.6830318690784
31 St & Broadway,40.761584,-73.925921,1771,1072222,42521,62,605.4330886504799
31 St & Hoyt Ave N,40.771152799999996,-73.9170074,836,686079,185224,61,820.6686602870814
31 St & Newtown Ave,40.7675487799971,-73.92093345522879,1432,993907,64361,65,694.0691340782123
31 St & Northern Blvd,40.75186951421875,-73.93349289894103,568,471508,7593,113,830.1197183098592
31 St & Thomson Ave,40.74469738,-73.93540375,869,1040563,11506,64,1197.4257767548906
34 Ave & 13 St,40.763875299999995,-73.9364848,295,199431,5621,61,676.0372881355933
34 Ave & 21 St,40.762813799999996,-73.9342862,578,425866,11036,61,736.7923875432526
34 Ave & 38 St,40.756913,-73.921631,2046,1376704,6729,67,672.8758553274682
34 St & 35 Ave,40.756933200000006,-73.92622309999999,725,464751,44762,61,641.0358620689656
35 Ave & 10 St,40.763154819103725,-73.93985509872438,509,305479,8209,65,600.1552062868369
35 Ave & 37 St,40.7557327,-73.92366109999999,884,726969,41709,62,822.3631221719457
35 St & 34 Ave,40.7580583,-73.92427509999999,573,305190,2992,62,532.6178010471205
35 St & Broadway,40.760339,-73.9222427,724,530458,70844,65,732.6767955801105
36 Ave & 10 St,40.7614376,-73.9411265,470,341522,4264,69,726.6425531914894
36 Ave & 31 St,40.75651272984955,-73.92957486212252,372,247078,5210,77,664.1881720430108
37 Ave & 35 St,40.7531106,-73.9279917,560,512610,34930,90,915.375
37 St & 24 Ave,40.7701477,-73.9120938,520,347191,6044,100,667.675
39 St & 2 Ave - Citi Bike HQ at Industry City,40.65539977447831,-74.0106278657913,476,873481,89512,66,1835.0441176470588
4 Ave & 2 St,40.674613422475815,-73.98501142859459,889,650146,56657,67,731.3228346456693
4 Ave & 9 St,40.6705135,-73.98876585,1463,2107790,519145,64,1440.7313738892685
40 Ave & 9 St,40.75742,-73.945133,458,408431,6418,63,891.7707423580786
40 Ave & Crescent St,40.7535992020056,-73.9379560947418,309,300765,72160,61,973.3495145631068
43 St & Broadway,40.7577284,-73.9166368,1159,975527,50621,94,841.6971527178603
44 Dr & 21 St,40.748000000000005,-73.94609270000001,2092,1385593,10569,65,662.3293499043978
44 Dr & Jackson Ave,40.74718234,-73.9432635,2154,2358251,564818,64,1094.8240482822655
45 Rd & 11 St,40.74708586,-73.94977234,2131,1433904,16076,71,672.8784608165181
46 Ave & 5 St,40.74731,-73.95451,2989,3035538,775798,74,1015.5697557711609
47 Ave & 31 St,40.743,-73.93561,744,851275,5592,77,1144.1868279569892
47 Ave & Skillman Ave,40.7437524099784,-73.94176483154297,138,312908,207276,120,2267.449275362319
48 Ave & 30 Pl,40.74128309355993,-73.93725872039794,410,425556,6892,65,1037.9414634146342
48 Ave & 5 St,40.74436328706688,-73.95587325096129,695,402575,6075,62,579.2446043165468
49 Ave & 21 St,40.74252,-73.948852,842,658675,46357,84,782.2743467933492
5 Ave & 3 St,40.672815500000006,-73.98352355,2690,2276024,144494,65,846.1055762081785
5 Ave & E 103 St,40.792255299999994,-73.95249933,3559,3720121,148949,62,1045.27142455746
5 Ave & E 126 St,40.806979999999996,-73.94174699999999,872,1122644,248264,68,1287.4357798165138
5 Ave & E 29 St,40.7451677,-73.98683077,9979,7846063,342470,61,786.2574406253132
5 Ave & E 63 St,40.766368,-73.971518,2774,3637545,84933,61,1311.2995674116798
5 Ave & E 73 St,40.77282817,-73.96685276,5928,7486215,338281,61,1262.8567813765183
5 Ave & E 78 St,40.77632142182271,-73.96427392959596,5646,8210676,276577,61,1454.2465462274176
5 Ave & E 88 St,40.78307,-73.95939,6421,10339937,568206,61,1610.3312568135805
5 Ave & E 93 St,40.785785100000005,-73.957481,2302,2829681,64771,64,1229.2271937445698
5 St & 51 Ave,40.7423737,-73.9566,615,538379,82875,63,875.4130081300813
5 St & 6 Ave,40.670483600000004,-73.98208968,1466,881363,27756,68,601.2025920873124
5 St & Market St,40.6999974843885,-73.97440128028394,815,676131,18410,65,829.6085889570552
58th St Depot,40.716909780459645,-73.98383796215056,6,6861,1787,473,1143.5
6 Ave & 12 St,40.666318100000005,-73.9854617,1525,1049504,60240,61,688.1993442622951
6 Ave & 9 St,40.668127,-73.98377641,2836,1844362,107918,61,650.3392101551481
6 Ave & Broome St,40.72430832160217,-74.00473035871983,2596,2562125,499439,61,986.9510785824345
6 Ave & Canal St,40.72243797,-74.00566443,7149,5888262,151681,62,823.6483424255141
6 Ave & Spring St,40.7252556952547,-74.00412082672119,5287,4036789,58607,62,763.5311140533383
6 Ave & W 33 St,40.74901271,-73.98848395,14525,11030559,526645,61,759.4188640275387
6 St & 7 Ave,40.668662700000006,-73.97988067,2046,1273875,11912,63,622.6173020527859
7 Ave & Central Park South,40.7667405590595,-73.9790689945221,4889,8381452,1034878,61,1714.3489466148496
7 Ave & Park Pl,40.67761470000001,-73.97324283,2584,1597382,152585,69,618.1818885448916
7 St & 3 Ave,40.67260298150126,-73.98983001708984,1011,812649,20753,71,803.8071216617211
7 St & 5 Ave,40.670492200000005,-73.98541675,1191,720875,11004,65,605.2686817800168
8 Ave & W 31 St,40.7505853470215,-73.9946848154068,20826,15953558,316828,61,766.0404302314415
8 Ave & W 33 St,40.751551,-73.993934,17269,12853917,152715,61,744.3347617117378
8 Ave & W 52 St,40.76370739,-73.9851615,8783,6841050,608623,61,778.8967323238073
9 Ave & W 22 St,40.7454973,-74.00197139,11452,8195357,541974,61,715.6267027593434
9 Ave & W 28 St,40.74937024193277,-73.99923384189607,7018,5638455,327970,61,803.4276147050442
9 Ave & W 45 St,40.76019252,-73.9912551,10562,8426752,340849,61,797.8367733383828
9 St & 44 Rd,40.74966,-73.9521,651,537461,39852,70,825.5929339477726
Adam Clayton Powell Blvd & W 115 St,40.802535,-73.9532423,964,1503602,544910,78,1559.753112033195
Adam Clayton Powell Blvd & W 118 St,40.804372,-73.951475,1224,983868,16798,64,803.8137254901961
Adam Clayton Powell Blvd & W 123 St,40.8078316,-73.949373,1454,1177795,13548,66,810.0378266850068
Adam Clayton Powell Blvd & W 126 St,40.809495347779475,-73.94776493310928,1187,4424925,1266532,65,3727.8222409435552
Adelphi St & Myrtle Ave,40.69308257,-73.97178913,3913,3676258,763517,61,939.498594428827
Albany Ave & Fulton St,40.6800105,-73.938475,482,3674432,2679841,93,7623.302904564315
Allen St & Hester St,40.71605866,-73.99190759,7879,7663560,1334968,61,972.6564284807716
Allen St & Rivington St,40.72019576,-73.98997825,8791,6584825,180459,61,749.0416334887954
Allen St & Stanton St,40.722055,-73.989111,10679,8330419,385218,61,780.074819739676
Amsterdam Ave & W 119 St,40.8086249,-73.9596214,1393,1181631,11768,63,848.2634601579325
Amsterdam Ave & W 125 St,40.813358,-73.956461,1235,1992320,466594,93,1613.2145748987855
Amsterdam Ave & W 66 St,40.7746671,-73.98470567,2870,2203788,14265,65,767.8703832752614
Amsterdam Ave & W 73 St,40.779668090073116,-73.98093044757842,9709,7610600,244747,62,783.8706354928416
Amsterdam Ave & W 79 St,40.7829391,-73.9786517,5297,3803822,45055,61,718.1087407966774
Amsterdam Ave & W 82 St,40.78524672,-73.97667321,5663,4274738,38933,62,754.8539643298604
Astoria Park S & Shore Blvd,40.7767,-73.927631,637,471963,21482,81,740.9152276295133
Atlantic Ave & Fort Greene Pl,40.68382604,-73.97632328,2096,2059781,327724,62,982.7199427480916
Atlantic Ave & Furman St,40.69165183,-73.99997859999999,2499,2756871,211145,73,1103.189675870348
Avenue C & E 18 St,40.730563000000004,-73.973984,1405,1570318,251213,64,1117.6640569395017
Avenue D & E 12 St,40.72580614,-73.97422494,2643,2181652,7539,66,825.4453272796065
Avenue D & E 3 St,40.72082834,-73.97793172,5379,4122704,142005,61,766.4443205056702
Avenue D & E 8 St,40.72368361,-73.97574813,4029,3277117,113357,61,813.3822288409034
Baltic St & 5 Ave,40.6795766,-73.97854971,2448,1664342,31849,74,679.8782679738562
Bank St & Hudson St,40.73652889,-74.00618026,6187,4379525,142471,63,707.8592209471473
Bank St & Washington St,40.7361967,-74.00859207,5329,4566482,75379,62,856.9116156877463
Banker St & Meserole Ave,40.72606,-73.95621,2788,2135627,207731,70,766.0068149210904
Barclay St & Church St,40.71291224,-74.01020234,5962,4416528,14781,61,740.779604159678
Barrow St & Hudson St,40.73172428,-74.00674436,10100,7385548,204955,61,731.2423762376237
Bayard St & Baxter St,40.71602118,-73.99974372,6396,5627848,602998,65,879.9011882426516
Bayard St & Leonard St,40.71915571696044,-73.94885390996933,1912,1025904,141289,62,536.560669456067
Bedford Ave & Bergen St,40.676368,-73.95291800000001,1941,1806614,180953,61,930.7645543534261
Bedford Ave & Nassau Ave,40.72311651,-73.95212324,4229,2708846,102629,61,640.5405533222984
Bedford Ave & S 9 St,40.70853074,-73.96408963,1078,873945,16543,68,810.7096474953618
Bergen St & Flatbush Ave,40.680944723477296,-73.97567331790923,2285,2693276,775632,67,1178.6765864332604
Bergen St & Smith St,40.686744299999994,-73.99063168,5876,4217015,231467,78,717.6676310415248
Bergen St & Vanderbilt Ave,40.6794388,-73.96804379999999,2675,1880345,17208,73,702.9327102803738
Berkeley Pl & 6 Ave,40.6765304,-73.97846879,1671,1215578,46593,65,727.4554159186116
Berkeley Pl & 7 Ave,40.675146838709786,-73.9752320945263,4061,2725440,72890,61,671.125338586555
Berry St & N 8 St,40.7190095,-73.95852515,4791,2988831,29942,63,623.8428303068252
Bialystoker Pl & Delancey St,40.71622644,-73.98261206,3682,2785677,107575,62,756.5662683324281
Boerum St & Broadway,40.70538077,-73.94976519,1184,965045,79799,65,815.0717905405405
Bond St & Bergen St,40.6849668,-73.98620772,2298,1755461,318310,68,763.90818102698
Bond St & Fulton St,40.68962188790333,-73.98304268717766,3409,2981572,520007,62,874.6177764740393
Broad St & Bridge St,40.70365182,-74.01167797,2315,2171551,118022,61,938.034989200864
Broadway & 12 St,40.7668,-73.93477740000002,674,610371,63355,62,905.5949554896142
Broadway & Battery Pl,40.70463334,-74.01361706,7090,7559985,183500,61,1066.2884344146685
Broadway & Berry St,40.71044554,-73.96525063,4025,3040606,89133,61,755.4300621118012
Broadway & E 14 St,40.73454567,-73.99074142,18098,11330742,87843,62,626.0770250856448
Broadway & E 22 St,40.740343200000005,-73.98955109,19696,13845120,298356,61,702.9406986190089
Broadway & Moylan Pl,40.8143256,-73.9590255,2038,3045939,518765,61,1494.572620215898
Broadway & Roebling St,40.70924826276157,-73.96063148975372,3774,2075788,65242,63,550.0233174350822
Broadway & W 122 St,40.8120562,-73.9612547,965,1144198,183885,66,1185.6974093264248
Broadway & W 25 St,40.74286877312112,-73.98918628692627,14746,11213166,217346,61,760.4208598942085
Broadway & W 29 St,40.7462009,-73.98855723,11117,7720171,152924,61,694.4473329135558
Broadway & W 32 St,40.74854862,-73.98808416,11429,9748289,1303733,61,852.9433021261702
Broadway & W 36 St,40.75097711,-73.98765428,7731,6954564,1330980,61,899.5684904928211
Broadway & W 37 St,40.75172632,-73.98753523,4678,4172336,281720,61,891.9059427105601
Broadway & W 38 St,40.75299641,-73.98721619,8043,6112373,137008,61,759.9618301628745
Broadway & W 41 St,40.75513557,-73.98658032,14343,11637314,1034663,61,811.3584326849334
Broadway & W 49 St,40.76068327096592,-73.98452728986742,12172,7826093,71143,61,642.9586756490305
Broadway & W 51 St,40.76228826,-73.98336183,7356,5078136,183592,61,690.3393148450244
Broadway & W 53 St,40.76344058,-73.98268129,6965,4835215,257393,61,694.2160804020101
Broadway & W 56 St,40.7652654,-73.98192338,13634,11034855,1427844,61,809.3629895848613
Broadway & W 60 St,40.76915505,-73.98191841,14519,13191047,538737,61,908.5368827054205
Broadway & Whipple St,40.7016657,-73.9437303,1504,1276300,47862,62,848.6037234042553
Bus Slip & State St,40.701907,-74.013942,2944,4212253,572979,62,1430.7924592391305
Bushwick Ave & Powers St,40.71247661,-73.94100005,1777,2144234,368656,66,1206.6595385481148
Butler St & Court St,40.6849894,-73.99440329,1744,1219877,11803,67,699.4707568807339
Cadman Plaza E & Johnson St,40.69531727766904,-73.99015724658966,1541,1541709,328204,61,1000.4600908500973
Cadman Plaza E & Red Cross Pl,40.69991755,-73.98971773,3676,3508737,143333,61,954.4986398258977
Cadman Plaza West & Montague St,40.69383,-73.990539,4114,2549455,75560,61,619.7022362664073
Cambridge Pl & Gates Ave,40.68488,-73.96304,1515,1304879,334585,72,861.3062706270628
Canal St & Rutgers St,40.71427487,-73.98990025,10147,6587967,74663,61,649.2526855228147
Carlton Ave & Dean St,40.68097410000001,-73.97100970000001,2388,1955867,176745,63,819.0397822445561
Carlton Ave & Flushing Ave,40.697787,-73.973736,1780,1491785,60033,62,838.0814606741573
Carlton Ave & Park Ave,40.69580705,-73.97355569,1835,1784995,369216,61,972.7493188010899
Carmine St & 6 Ave,40.73038599,-74.00214988,13160,10473509,199615,61,795.8593465045593
Carroll St & 5 Ave,40.6751622,-73.9814832,2105,1275979,6981,65,606.1657957244655
Carroll St & 6 Ave,40.6740886,-73.9787282,3203,2204810,320396,62,688.357789572276
Carroll St & Bond St,40.6786115,-73.99037292,2132,1410054,65469,62,661.3761726078799
Carroll St & Columbia St,40.6830456,-74.00348559,1712,1314749,71458,92,767.9608644859813
Carroll St & Franklin Ave,40.6679411,-73.9588,386,309511,20139,67,801.8419689119171
Carroll St & Smith St,40.680611,-73.99475825,3712,2483347,68289,65,669.0051185344828
Carroll St & Washington Ave,40.6686744,-73.9618148,537,367962,6034,62,685.2178770949721
Cathedral Pkwy & Broadway,40.804213,-73.96699104,2999,3038780,111707,61,1013.2644214738247
Catherine St & Monroe St,40.71117444,-73.99682619,4572,3591637,500459,67,785.57239720035
Center Blvd & 48 Ave,40.745038,-73.957539,1144,1261260,160965,61,1102.5
Center Blvd & 51 Ave,40.74336608027021,-73.95960688591003,785,856424,224658,62,1090.9859872611464
Central Park North & Adam Clayton Powell Blvd,40.799484,-73.955613,4150,7258298,365014,61,1748.9874698795181
Central Park S & 6 Ave,40.76590936,-73.97634151,9609,13412768,368839,61,1395.8547195337703
Central Park W & W 96 St,40.791270000000004,-73.964839,5260,5922576,265683,61,1125.9650190114069
Central Park West & W 100 St,40.794066608185524,-73.96286845207214,2977,3917644,173946,61,1315.970440040309
Central Park West & W 102 St,40.795346,-73.96186,1824,1841443,39342,61,1009.563048245614
Central Park West & W 68 St,40.7734066,-73.97782542,7223,7158712,193168,61,991.0995431261249
Central Park West & W 72 St,40.77579376683666,-73.97620573639871,8086,8785138,197775,61,1086.4627751669552
Central Park West & W 76 St,40.77896784,-73.97374737,5146,6913123,319211,62,1343.397396035756
Central Park West & W 85 St,40.78472675,-73.96961715,6244,6954515,203077,61,1113.7916399743754
Centre St & Chambers St,40.71273266,-74.0046073,9302,10454054,191824,62,1123.8501397548914
Centre St & Worth St,40.71494807,-74.00234482,3644,3593725,354778,61,986.2033479692645
Cherry St,40.71219906,-73.97948148,3133,2918286,23577,64,931.466964570699
Christopher St & Greenwich St,40.73291553,-74.00711384,13349,10961224,764743,61,821.1269758034309
Clark St & Henry St,40.69760127,-73.99344559,6255,4633541,516780,66,740.7739408473221
Classon Ave & St Marks Ave,40.676519799999994,-73.9596082,2588,1758172,33522,62,679.355486862442
Clermont Ave & Lafayette Ave,40.68764484,-73.96968902,2279,1352350,70780,61,593.3962264150944
Clermont Ave & Park Ave,40.69573398,-73.97129668,1630,1160217,177159,61,711.7895705521472
Cleveland Pl & Spring St,40.72210378668603,-73.99724900722505,12717,10196064,612530,61,801.7664543524417
Cliff St & Fulton St,40.70831794366396,-74.0050408244133,5732,4479319,56103,62,781.4583042568039
Clinton Ave & Flushing Ave,40.69794,-73.96986848,1240,1387015,190088,63,1118.5604838709678
Clinton Ave & Myrtle Ave,40.693261,-73.968896,4823,3175694,122024,61,658.4478540327597
Clinton St & 4 Place,40.6783563,-74.00014502,1693,1210403,41181,74,714.9456585942114
Clinton St & Centre St,40.67434,-74.00194698,455,322728,26141,67,709.2923076923076
Clinton St & Grand St,40.71559509,-73.9870295,9705,6303659,323746,61,649.5269448737764
Clinton St & Joralemon St,40.69239502,-73.99337909,4573,3426375,308336,63,749.2619724469713
Clinton St & Union St,40.683116399999996,-73.99785267,2351,1443875,152643,61,614.1535516801362
Coffey St & Conover St,40.677236,-74.015665,841,812328,14530,67,965.9072532699167
Columbia Heights & Cranberry St,40.70037867,-73.99548059,1221,1181460,142592,62,967.6167076167076
Columbia St & Degraw St,40.6859296,-74.00242364,1668,2182986,330913,64,1308.7446043165467
Columbia St & Kane St,40.68763155,-74.0016256,1505,1119153,41051,62,743.6232558139535
Columbia St & Lorraine St,40.6747055,-74.00755720000001,221,180074,6989,65,814.8144796380091
Columbia St & Rivington St,40.71739973,-73.98016555,4524,3235008,22375,63,715.0769230769231
Columbia St & W 9 St,40.6769993,-74.00647134,519,515996,114898,61,994.2119460500963
Columbus Ave & W 103 St,40.7969347,-73.9643412291,1073,993425,37833,61,925.838769804287
Columbus Ave & W 72 St,40.7770575,-73.97898475,10882,8040124,181930,61,738.8461679838265
Columbus Ave & W 95 St,40.7919557,-73.968087,5865,4287783,53963,61,731.0797953964194
Commerce St & Van Brunt St,40.681211700000006,-74.00860912,511,410909,54512,90,804.1272015655577
Concord St & Bridge St,40.69766564,-73.98476437,1326,1870841,670512,69,1410.8906485671191
Congress St & Clinton St,40.6881529,-73.99520919,2790,1977120,165354,63,708.6451612903226
Cooper Square & Astor Pl,40.729514962249496,-73.99075269699097,13755,8791925,175054,61,639.1802980734278
Court St & Nelson St,40.6763947,-73.99869893,1289,1269135,365484,62,984.588828549263
Court St & State St,40.6902375,-73.99203074,5063,4460970,958795,62,881.0922378036737
Crescent St & 30 Ave,40.768692,-73.9249574,590,343922,3166,84,582.9186440677967
Crescent St & 34 Ave,40.76108,-73.930562,801,499008,35827,61,622.9812734082396
Crescent St & 35 Ave,40.7596276,-73.93214549999999,444,304373,14840,72,685.5247747747748
Crescent St & Broadway,40.7633589,-73.92864709999999,1035,658108,8870,63,635.8531400966184
Crescent St & Ditmars Blvd,40.7787185,-73.9145645,495,239520,10648,95,483.8787878787879
Crown St & Bedford Ave,40.666563000000004,-73.95674100000001,541,539711,21494,77,997.6173752310536
Cumberland St & Lafayette Ave,40.68753406,-73.97265183,3199,2604982,609705,63,814.31134729603
DeKalb Ave & Hudson Ave,40.689888,-73.981013,4350,2922790,373638,61,671.9057471264368
DeKalb Ave & S Portland Ave,40.68981035,-73.97493121,2639,1860100,195549,77,704.8503220917014
DeKalb Ave & Skillman St,40.6906495,-73.95643107,1325,1922015,657720,71,1450.577358490566
DeKalb Ave & Vanderbilt Ave,40.68940747,-73.96885458,3546,2010606,128242,65,567.0067681895093
Dean St & 4 Ave,40.68312489,-73.97895137,4298,2871683,230999,65,668.1440204746393
Dean St & Franklin Ave,40.67759206937376,-73.95563721656801,1717,1410211,147792,62,821.3226557949913
Dean St & Hoyt St,40.686444200000004,-73.98759104,1575,1103878,42179,61,700.8749206349206
Degraw St & Hoyt St,40.68199044270703,-73.99079024791719,1446,883225,8729,65,610.8056708160443
Degraw St & Smith St,40.6829151,-73.99318208,2056,1499894,73716,64,729.5204280155642
Devoe St & Lorimer St,40.71335226222875,-73.9491033554077,2325,1468279,13667,85,631.5178494623656
Ditmars Blvd & 19 St,40.78145,-73.9183302,817,611692,10456,78,748.7050183598532
Division Av & Hooper St,40.70684203101325,-73.9544353965357,1352,2098234,794105,62,1551.948224852071
Division Ave & Marcy Ave,40.70708701,-73.95796783,776,626703,15432,66,807.6069587628866
Division St & Bowery,40.71413089,-73.99704679999999,6031,5178458,535800,63,858.6400265295971
Douglass St & 3 Ave,40.6802133,-73.98432695,2676,1744951,96394,61,652.0743647234679
Douglass St & 4 Ave,40.67927879999999,-73.98154004,1880,1282968,24035,64,682.4297872340426
Driggs Ave & Lorimer St,40.72179134,-73.95041540000001,1853,977838,14239,61,527.7053426875337
Driggs Ave & N 9 St,40.71816969454208,-73.95520135760306,5485,3484902,477914,61,635.351321786691
Driggs Ave & N Henry St,40.72325,-73.94308000000001,2989,2026206,45229,73,677.8875878220141
Duane St & Greenwich St,40.71748752,-74.0104554,3425,2328611,34554,61,679.8864233576643
Duffield St & Willoughby St,40.69221589,-73.9842844,3236,2473852,136930,61,764.478368355995
Dwight St & Van Dyke St,40.67363551341504,-74.01195555925368,335,842680,332189,78,2515.4626865671644
E 10 St & 5 Ave,40.73331967,-73.99510132,5708,3759400,77505,62,658.6194814295725
E 10 St & Avenue A,40.72740794,-73.98142006,11956,9109085,215183,61,761.8839913014386
E 102 St & 1 Ave,40.7869946,-73.94164802,3537,1979689,28198,64,559.7085100367543
E 102 St & Park Ave,40.7904828,-73.95033068,1314,1926779,673502,71,1466.3462709284627
E 103 St & Lexington Ave,40.790305100000005,-73.94755757,1918,1392887,208228,68,726.218456725756
E 106 St & 1 Ave,40.7892529,-73.93956237,967,633670,4303,82,655.2947259565667
E 106 St & Lexington Ave,40.791976,-73.945993,1134,895945,18320,64,790.0749559082892
E 106 St & Madison Ave,40.79343370000001,-73.94945003,1419,1411488,164370,77,994.7061310782241
E 109 St & 3 Ave,40.79329668,-73.9432083,1552,1279290,46690,61,824.284793814433
E 11 St & 1 Ave,40.72953837,-73.98426726,10519,8583382,416480,61,815.9884019393478
E 11 St & 2 Ave,40.73047309,-73.98672378,11457,8195079,203186,61,715.2901283058392
E 11 St & Avenue B,40.727464206923926,-73.97950418293476,8251,5835721,60062,61,707.2743909829112
E 11 St & Broadway,40.73261787,-73.99158043,5309,3745149,86562,61,705.4339800339047
E 110 St & Madison Ave,40.796153499999996,-73.94782145,2599,2493952,638101,63,959.5813774528665
E 114 St & 1 Ave,40.79456629999999,-73.9362541,1053,739037,11646,63,701.8395061728395
E 115 St & Lexington Ave,40.797911,-73.9423,1274,966146,27989,61,758.3563579277865
E 115 St & Madison Ave,40.7989445,-73.944846,844,723605,44298,73,857.3518957345972
E 116 St & 2 Ave,40.796879,-73.93726099999999,865,736461,15680,76,851.4
E 118 St & 1 Ave,40.797470000000004,-73.93504,1363,1099335,13474,64,806.5553925165077
E 118 St & 3 Ave,40.799139000000004,-73.9389152,1054,659106,10519,71,625.337760910816
E 118 St & Madison Ave,40.801486600000004,-73.9442507,1235,761127,43636,63,616.2971659919028
E 118 St & Park Ave,40.8005385,-73.9419949,457,292238,3732,64,639.4704595185996
E 12 St & 3 Ave,40.73223272,-73.98889957,2084,1377444,79208,69,660.9616122840691
E 123 St & Lexington Ave,40.802926299999996,-73.9379,1060,643869,15386,62,607.4235849056604
E 128 St & Madison Ave,40.807559999999995,-73.93918199999999,903,695218,49145,81,769.8981173864895
E 13 St & Avenue A,40.72966729392978,-73.98067966103555,13348,9666122,690794,61,724.1625711717111
E 15 St & 3 Ave,40.734232,-73.986923,12110,7401203,131397,61,611.1645747316268
E 16 St & 5 Ave,40.73726186,-73.99238967,10952,7547172,267500,61,689.1135865595325
E 16 St & Irving Pl,40.735367055605394,-73.98797392845155,7392,4714843,39848,61,637.8304924242424
E 17 St & Broadway,40.73704984,-73.99009296,19778,13646475,136327,61,689.9825563757711
E 19 St & 3 Ave,40.73624527,-73.98473765,7818,5187448,78292,62,663.5262215400359
E 2 St & 2 Ave,40.72502876,-73.99069656,8229,6114680,226421,61,743.0647709320696
E 2 St & Avenue A,40.72307749068673,-73.98583620786667,8885,6204116,220242,61,698.2685424873382
E 2 St & Avenue B,40.72217444,-73.98368779,8146,7067409,1112182,61,867.5925607660201
E 2 St & Avenue C,40.720873600000004,-73.98085795,5739,5171576,832249,61,901.1284195852936
E 20 St & 2 Ave,40.73587678,-73.98205027,11201,8614177,743446,61,769.0542808677797
E 20 St & FDR Drive,40.73314259,-73.97573881,10864,7786203,56242,61,716.6976251840942
E 20 St & Park Ave,40.73827428,-73.98751968,9342,6822543,520896,62,730.3086062941554
E 23 St & 1 Ave,40.736502,-73.97809472,11276,8030790,301400,61,712.2020219936147
E 24 St & Park Ave S,40.74096374,-73.98602213,13182,8175586,196769,61,620.2083143680777
E 25 St & 1 Ave,40.7381765,-73.97738662,7773,5737681,107931,61,738.155281101248
E 25 St & 2 Ave,40.73912601,-73.97973776,11224,8016131,73619,61,714.1955630791161
E 27 St & 1 Ave,40.739445,-73.97680600000001,8380,5961015,178871,61,711.3383054892602
E 30 St & Park Ave S,40.74444921,-73.98303529,7684,4907497,23492,62,638.6643675169182
E 31 St & 3 Ave,40.74394314,-73.97966069,9726,6936650,99987,61,713.2068681883611
E 32 St & Park Ave,40.745712100000006,-73.98194829,12730,8941916,1047413,61,702.4285938727415
E 33 St & 1 Ave,40.74322681432173,-73.97449783980845,11576,9034815,576607,61,780.4781444367658
E 33 St & 5 Ave,40.74765947,-73.98490707,8861,7075450,320360,61,798.493398036339
E 35 St & 3 Ave,40.746524,-73.977885,2704,2048916,73935,61,757.7352071005918
E 39 St & 2 Ave,40.74780373,-73.97344190000001,10040,7393250,51392,61,736.3794820717131
E 39 St & 3 Ave,40.7489006,-73.97604882,9036,6302578,47312,63,697.4964586100044
E 4 St & 2 Ave,40.726280700000004,-73.98978041,9594,6833903,177412,61,712.3100896393579
E 41 St & Madison Ave,40.752165280621966,-73.97992193698882,9166,5761367,91195,61,628.5584769801441
E 43 St & 2 Ave,40.75022392,-73.97121414,1784,1487448,5368,74,833.7713004484305
E 43 St & 5 Ave,40.754120810779256,-73.98025184869765,7197,5042529,95555,62,700.6431846602751
E 44 St & 2 Ave,40.75118387463277,-73.97138714790343,1970,1483195,14279,61,752.8908629441624
E 45 St & 3 Ave,40.75255434,-73.97282625,6622,5535668,398091,64,835.9510721836303
E 47 St & 1 Ave,40.75206862,-73.96784384,3462,3165128,128779,61,914.2484113229348
E 47 St & 2 Ave,40.75323098,-73.97032517,6126,4579191,34890,63,747.5009794319295
E 47 St & Park Ave,40.75510267,-73.97498696,15824,11580672,256890,61,731.8422649140546
E 48 St & 3 Ave,40.7546011026,-73.971878855,5081,4003633,135039,62,787.9616217280063
E 48 St & 5 Ave,40.75724567911726,-73.97805914282799,10940,7777507,229288,68,710.923857404022
E 5 St & Avenue C,40.72299208,-73.97995466,4994,3753065,173352,63,751.5148177813376
E 51 St & 1 Ave,40.75455731,-73.96592976,4003,3098091,30579,61,773.94229328004
E 51 St & Lexington Ave,40.75714758,-73.97207836,6287,4941778,34211,65,786.031175441387
E 52 St & 2 Ave,40.756014,-73.967416,5290,5180176,1032676,63,979.2393194706995
E 53 St & 3 Ave,40.75763227739443,-73.9693057537079,6164,5924637,458489,61,961.1675859831279
E 53 St & Madison Ave,40.75971079999999,-73.97402311,6360,5931681,1371164,61,932.6542452830189
E 55 St & 2 Ave,40.75797322,-73.96603308,5978,4360835,35133,61,729.4805955168953
E 55 St & 3 Ave,40.758996559605116,-73.96865397691727,5786,5115462,506767,61,884.1102661596958
E 55 St & Lexington Ave,40.75968085,-73.97031366,4643,3601843,62010,61,775.7576997630842
E 58 St &  1 Ave (NW Corner),40.759125,-73.96265799999999,857,731743,10643,63,853.8424737456243
E 58 St & 1 Ave,40.75892386377695,-73.96226227283478,2621,2065599,18946,62,788.0957649752003
E 58 St & 1 Ave (NE Corner),40.75892386377695,-73.96226227283478,1276,1029277,23554,61,806.6434169278997
E 58 St & 3 Ave,40.76095756,-73.96724467,7733,6266748,102573,69,810.3902754429071
E 58 St & Madison Ave,40.763025942805186,-73.97209525108337,4581,5565219,1797632,61,1214.8480681074002
E 59 St & Madison Ave,40.76350532,-73.97109243,4697,4145421,138681,69,882.5678092399404
E 6 St & Avenue B,40.72453734,-73.98185424,8364,5722246,64420,61,684.1518412242946
E 6 St & Avenue D,40.72228087,-73.97668709,4960,4380143,409284,61,883.0933467741935
E 60 St & York Ave,40.759107,-73.959223,1891,2459969,521951,61,1300.8826017979904
E 65 St & 2 Ave,40.76471851944339,-73.96222069859505,2989,2284682,17790,74,764.3633322181331
E 66 St & Madison Ave,40.768008893059466,-73.96845281124116,1651,1546119,79020,62,936.4742580254391
E 67 St & Park Ave,40.76780080148132,-73.96592080593109,1968,1753087,50331,61,890.7962398373984
E 68 St & 3 Ave,40.76712840349542,-73.96224617958069,2537,1988722,405719,62,783.8872684272764
E 68 St & Madison Ave,40.7691572,-73.96703464,1907,1960476,344345,63,1028.0419507079182
E 7 St & Avenue A,40.72621788,-73.98379855,12247,7622868,120884,61,622.4273699681555
E 71 St & 2 Ave,40.76817546742245,-73.95910263061523,332,249109,3069,70,750.3283132530121
E 72 St & Park Ave,40.77118287540658,-73.96409422159195,2800,2349025,136994,65,838.9375
E 72 St & York Ave,40.76663814,-73.95348296,6459,5361324,75828,61,830.0548072457036
E 74 St & 1 Ave,40.7689738,-73.95482273,5024,3890599,14230,62,774.4026671974523
E 75 St & 3 Ave,40.77112927,-73.95772297,3243,2498537,48445,65,770.4400246685168
E 76 St & Park Ave,40.773763,-73.96222088,3099,2561305,133387,63,826.4940303323652
E 77 St & 3 Ave,40.77314236,-73.95856158,3319,2166597,26956,62,652.7860801446219
E 78 St & 2 Ave,40.7727966,-73.95577801,2504,1843453,9534,61,736.2032747603834
E 81 St & 2 Ave,40.77477944895728,-73.95427465438844,3166,2782492,257810,65,878.866708780796
E 81 St & 3 Ave,40.77573034,-73.9567526,3125,2291027,79877,61,733.12864
E 81 St & Park Ave,40.77677702,-73.95900970000001,1374,1044867,14931,64,760.4563318777292
E 81 St & York Ave,40.7728384,-73.94989233,3552,2831523,123601,63,797.1630067567568
E 82 St & East End Ave,40.7724607,-73.9468208,2465,2213905,158561,62,898.1359026369169
E 84 St & 1 Ave,40.77565541,-73.95068615,4269,3042121,11570,63,712.6074022019209
E 84 St & 3 Ave,40.777553742988864,-73.95512759685515,1906,1892173,278347,61,992.7455403987408
E 84 St & Park Ave,40.77862688,-73.95772073,3254,3087657,205462,61,948.880454824831
E 85 St & 3 Ave,40.77801203,-73.95407149,3062,2160421,212472,81,705.5587851077727
E 85 St & York Ave,40.77536905,-73.94803392,2656,2019542,132053,65,760.3697289156627
E 88 St & 1 Ave,40.778301,-73.9488134,3562,2850824,21791,64,800.343627175744
E 88 St & Park Ave,40.781410700190015,-73.95595908164978,2244,1662144,16489,63,740.7058823529412
E 89 St & 3 Ave,40.7806284,-73.9521667,3320,2540918,8999,64,765.3367469879518
E 89 St & York Ave,40.7779453,-73.94604100000001,2502,2233703,97674,63,892.7669864108713
E 9 St & Avenue C,40.72521311,-73.97768752,7729,5778298,138888,61,747.6126277655583
E 91 St & 2 Ave,40.781122299341654,-73.94965589046478,3882,3167539,53892,63,815.9554353426068
E 91 St & Park Ave,40.7835016,-73.955327,2394,2555033,230034,63,1067.265246449457
E 93 St & 2 Ave,40.78245417527987,-73.94891962409021,2186,1625872,5669,62,743.7657822506861
E 97 St & 3 Ave,40.7859201,-73.94860294,1023,810815,24022,61,792.5855327468231
E 97 St & Madison Ave,40.787801,-73.953559,2997,2667245,58631,61,889.9716383049716
E 98 St & Park Ave,40.788129999999995,-73.95206,925,625634,5776,63,676.3610810810811
East End Ave & E 86 St,40.77518615,-73.94446054,1247,1254130,16529,81,1005.7177225340818
Eastern Pkwy & Franklin Ave,40.670776700000005,-73.9576801,3278,2519074,221738,64,768.4789505796217
Eastern Pkwy & Washington Ave,40.6716493,-73.9631145,2155,1776295,31698,62,824.2668213457076
Eckford St & Engert Ave,40.72146256229816,-73.94800901412964,1163,633453,11577,62,544.6715391229578
Emerson Pl & Myrtle Ave,40.69363137,-73.96223558,2221,2144497,350955,74,965.5547050877983
FDR Drive & E 35 St,40.744219,-73.97121214,6280,6171563,258631,61,982.7329617834395
Flushing Ave & Vanderbilt Ave,40.69795031569544,-73.97077560424805,2514,2799529,506314,61,1113.5755767700875
Forsyth St & Broome St,40.71893904,-73.99266288,9038,6647381,249081,61,735.4924762115512
Forsyth St & Canal St,40.715815500000005,-73.99422366,6999,5880858,169860,63,840.2426060865838
Franklin Ave & Empire Blvd,40.663140000000006,-73.96056949999999,1709,2166547,156760,62,1267.727911059099
Franklin Ave & Myrtle Ave,40.694546087246025,-73.95801365375519,907,840939,40438,67,927.1653803748621
Franklin Ave & St Marks Ave,40.6758324,-73.95616770000001,1313,816731,28081,62,622.034272658035
Franklin St & Dupont St,40.735640000000004,-73.95866,1808,3086380,1792506,61,1707.0685840707965
Franklin St & W Broadway,40.71911552,-74.00666661,4328,3609323,173862,61,833.9470887245841
Frederick Douglass Blvd & W 112 St,40.801694,-73.957145,2933,3280633,532771,74,1118.5247187180362
Frederick Douglass Blvd & W 115 St,40.8038654,-73.95593079999999,2139,2397589,311038,61,1120.8924731182797
Frederick Douglass Blvd & W 117 St,40.805159,-73.95469200000001,3062,3011346,237911,61,983.4572175048987
Frederick Douglass Blvd & W 129 St,40.8125511,-73.9492286,861,977751,49624,67,1135.5993031358885
Front St & Gold St,40.70224,-73.982578,2017,1582311,4866,78,784.4873574615766
Front St & Maiden Ln,40.70530954,-74.00612572,4104,4959674,661912,61,1208.4975633528265
Front St & Washington St,40.70255088,-73.98940236,4922,5298089,314420,61,1076.4097927671678
Frost St & Meeker Ave,40.71766197083994,-73.94880026578903,577,456853,82786,71,791.7729636048526
Frost St & Meeker Ave,40.71784798417728,-73.94752018153667,10,3001,476,143,300.1
Frost St & Meeker St,40.71764,-73.94882,249,150584,5853,69,604.7550200803213
Fulton St & Adams St,40.692418292578466,-73.98949474096298,5664,4748814,684906,61,838.4205508474577
Fulton St & Broadway,40.711065999999995,-74.009447,7895,7064579,252068,62,894.8168461051298
Fulton St & Clermont Ave,40.68415748,-73.96922273,1358,1049300,98427,67,772.680412371134
Fulton St & Grand Ave,40.68223166,-73.9614583,2154,1533547,20969,68,711.9531104921077
Fulton St & Rockwell Pl,40.688226,-73.979382,2055,1396995,98320,62,679.8029197080292
Fulton St & Utica Ave,40.6794268,-73.92989109999999,940,5655392,1702688,120,6016.374468085106
Fulton St & Waverly Ave,40.68323865460341,-73.96599590778352,2843,2137632,210808,63,751.8930706999648
Fulton St & William St,40.70955958,-74.00653609,5608,4547858,263254,61,810.9589871611983
Gansevoort St & Hudson St,40.73944820130404,-74.00507032871245,9232,9518252,644795,62,1031.0064991334489
Garfield Pl & 8 Ave,40.671197799999995,-73.97484126,2739,4838127,2969781,61,1766.3844468784228
Gold St & Frankfort St,40.710699946313866,-74.00354146957396,559,499638,23897,61,893.8067978533095
Graham Ave & Conselyea St,40.715143,-73.944507,4057,2595499,262074,63,639.7581957111166
Graham Ave & Grand St,40.711863,-73.944024,2057,2976393,664297,66,1446.9581915410793
Graham Ave & Herbert St,40.71929301,-73.94500379,1172,834608,199749,62,712.122866894198
Graham Ave & Withers St,40.7169811,-73.94485918,1811,1673910,595480,61,924.3014908890116
Grand Army Plaza & Central Park S,40.764397100000004,-73.97371465,10312,12229456,184529,61,1185.944142746315
Grand Army Plaza & Plaza St West,40.6729679,-73.97087984,3660,3145654,13171,61,859.4683060109289
Grand Ave & Bergen St,40.678045000000004,-73.962408,2612,1660930,23102,70,635.8843797856049
Grand St & Elizabeth St,40.718821999999996,-73.99596,13686,11213348,698377,62,819.3298260996639
Grand St & Greene St,40.72165481,-74.00234737,4285,3390806,73969,61,791.3199533255543
Grand St & Havemeyer St,40.71286844,-73.95698119,2879,2231770,126945,62,775.189301840917
Great Jones St,40.72743423,-73.99379025,12827,9439412,1059371,62,735.9017697045296
Greene Ave & Nostrand Ave,40.68833370000001,-73.950916,1134,2125868,929247,63,1874.663139329806
Greene Ave & Throop Ave,40.6894932,-73.942061,1054,942098,69471,61,893.8311195445921
Greenpoint Ave & Manhattan Ave,40.730259999999994,-73.95394,3469,2681855,319241,62,773.091669068896
Greenwich Ave & Charles St,40.735238,-74.000271,7116,4910460,167178,64,690.0590219224283
Greenwich St & W Houston St,40.728846000000004,-74.00859100000001,7928,6567068,161208,62,828.3385469223007
Halsey St & Tompkins Ave,40.682368700000005,-73.944118,1206,3947184,1119152,68,3272.955223880597
Hancock St & Bedford Ave,40.68216564,-73.95399026,1135,1075005,239387,79,947.1409691629956
Handlebar @ Gowanus,40.66979964220026,-73.99497985839844,9,27561,18669,231,3062.3333333333335
Hanson Pl & Ashland Pl,40.68506807308177,-73.97790759801863,7617,6680943,1131701,62,877.1094919259551
Harrison St & Hudson St,40.71870987,-74.0090009,3039,2525889,67944,62,831.1579466929911
Henry St & Atlantic Ave,40.69089272,-73.99612349,3739,2336264,44466,65,624.8365873228136
Henry St & Bay St,40.672505799999996,-74.00494695,179,128500,3136,93,717.8770949720671
Henry St & Degraw St,40.684751399999996,-73.99917254,3435,1797303,20897,61,523.2323144104804
Henry St & Grand St,40.714215,-73.981346,7314,4832803,83633,65,660.7605961170358
Henry St & Poplar St,40.700469,-73.991454,1992,1381360,16417,64,693.4538152610442
Henry St & W 9 St,40.6763744,-74.00324957,435,299263,4636,88,687.9609195402298
Hicks St & Montague St,40.69512845,-73.99595065,4361,2707373,46294,68,620.8147213941756
Hope St & Union Ave,40.71167351,-73.95141312,2781,2280963,84834,71,820.1952535059331
Howard St & Centre St,40.71910537,-73.99973337,7160,5249599,76639,62,733.184217877095
Hudson St & Reade St,40.71625008,-74.0091059,5601,4031493,122556,61,719.7809319764327
Humboldt St & Varet St,40.7031724,-73.940636,1094,1445217,160852,71,1321.0393053016453
Huron St & Franklin St,40.732659999999996,-73.95826,2885,2574745,687239,61,892.4592720970537
India St & Manhattan Ave,40.73232194,-73.9550858,2893,1880800,16242,66,650.120981679917
India St & West St,40.73181401720966,-73.95995020866394,971,575795,13884,61,592.9917610710608
Jackson Ave & 46 Rd,40.74524768,-73.94733276,985,754817,8556,64,766.3116751269035
Jackson St & Leonard St,40.716380319735606,-73.94821286201476,569,505697,32075,77,888.7469244288225
Jay St & Tech Pl,40.695065,-73.987167,3585,4431020,534384,64,1235.9888423988843
Jay St & York St,40.70140317257725,-73.98672670125961,5906,6216836,954087,61,1052.6305452082627
John St & William St,40.70862144,-74.00722156,2228,1766797,11100,61,792.9968581687613
Johnson St & Gold St,40.69474881,-73.98362464,2473,2026331,82588,69,819.3817226041245
Kane St & Clinton St,40.686175799999994,-73.99645295,2851,1864629,99763,65,654.0263065591021
Kent Ave & N 7 St,40.72036775298455,-73.96165072917937,5721,6294025,1143877,61,1100.1616850201015
Kent Ave & S 11 St,40.7076449441757,-73.96841526031494,2848,2585589,142476,69,907.8613061797753
Kingston Ave & Herkimer St,40.67890679,-73.94142771,918,1357684,325995,103,1478.958605664488
Kosciuszko St & Nostrand Ave,40.69072549,-73.95133465,1081,780480,16025,72,721.9981498612395
Kosciuszko St & Tompkins Ave,40.69128258,-73.9452416,1590,1306625,86939,69,821.7767295597484
LaGuardia Pl & W 3 St,40.72917025,-73.99810231,8419,6597300,502455,61,783.6203824682266
Lafayette Ave & Classon Ave,40.68900443,-73.96023854,2882,3531180,1383937,68,1225.2532963219985
Lafayette Ave & Fort Greene Pl,40.68691865,-73.976682,3022,3280507,988758,61,1085.5416942422237
Lafayette Ave & St James Pl,40.68851534,-73.9647628,2950,2222692,188760,65,753.4549152542373
Lafayette St & E 8 St,40.73020660529954,-73.99102628231049,15550,10763551,398811,61,692.1897749196141
Lafayette St & Jersey St,40.72430527250332,-73.99600982666016,10650,10242787,1510516,61,961.7640375586855
Laight St & Hudson St,40.72185379,-74.00771779,1972,1838363,98792,73,932.2327586206897
Lawrence St & Willoughby St,40.69236178,-73.98631746,4394,3717905,500941,61,846.1322257624033
Lefferts Pl & Franklin Ave,40.680342423,-73.9557689392,1518,948015,20874,61,624.5158102766799
Lenox Ave & W 111 St,40.7987859,-73.9523,4281,8220981,1908974,65,1920.3412754029432
Lenox Ave & W 115 St,40.8011939,-73.9500739,1449,1230962,174126,62,849.5251897860594
Lenox Ave & W 117 St,40.8025566,-73.9490782,2454,1486516,68364,61,605.7522412387938
Lenox Ave & W 126 St,40.808442,-73.94520870000001,2431,5784829,1982217,64,2379.608802961744
Lenox Ave & W 130 St,40.8107922,-73.9430681,2113,3107451,659513,62,1470.6346426881212
Leonard St & Boerum St,40.70583339,-73.94644578,937,829899,66736,62,885.6979722518677
Leonard St & Church St,40.717571,-74.005549,4254,3030024,34645,62,712.2764456981664
Leonard St & Maujer St,40.71036854235229,-73.94705951213838,1600,1098567,92703,67,686.604375
Leonard St & Nassau Ave,40.7239567849954,-73.94984364509583,3165,1878010,274864,62,593.3680884676145
Lewis Ave & Decatur St,40.6814598,-73.934903,687,2057551,1301170,62,2994.97962154294
Lewis Ave & Kosciuszko St,40.69237074,-73.93705428,1163,1304618,119301,73,1121.7695614789338
Lewis Ave & Madison St,40.686312,-73.935775,1319,1292203,61146,61,979.6838514025777
Lexington Ave & Classon Ave,40.68676793,-73.95928168,1990,2237101,562719,64,1124.1713567839197
Lexington Ave & E 111 St,40.79541210000001,-73.9441232,1573,1331476,169595,66,846.4564526382708
Lexington Ave & E 120 St,40.8013066,-73.93981670000001,831,668397,48718,63,804.3285198555957
Lexington Ave & E 127 St,40.805726,-73.936322,698,2023539,1449369,78,2899.0530085959886
Lexington Ave & E 26 St,40.741459000000006,-73.983293,4860,4338718,494487,61,892.740329218107
Lexington Ave & E 29 St,40.74311555376486,-73.98215353488922,8295,5738145,230910,61,691.7594936708861
Lexington Ave & E 36 St,40.747573958954796,-73.97880077362059,1137,937093,53416,63,824.1802990325418
Lexington Ave & E 63 St,40.76440023,-73.96648977,4558,3432062,77107,62,752.9754278192189
Liberty St & Broadway,40.70905623,-74.01043382,7865,6154419,175323,62,782.5071837253655
Lincoln Pl & Classon Ave,40.672168299999996,-73.9609,933,1502140,751964,61,1610.010718113612
Lispenard St & Broadway,40.71939226,-74.00247214,6948,5058996,191498,62,728.1226252158895
Little West St & 1 Pl,40.70569254,-74.01677685,6078,8179107,2571434,62,1345.6905231984206
Lorimer St & Broadway,40.70411791,-73.94818595,918,766206,95697,61,834.6470588235294
MacDougal St & Prince St,40.72710258,-74.00297088,9687,7883032,234632,61,813.7743367399607
MacDougal St & Washington Sq,40.73226398,-73.99852205,5936,4620294,331950,61,778.3514150943396
Macon St & Nostrand Ave,40.6809833854,-73.9500479759,3026,2594725,561091,63,857.4768671513549
Madison Ave & E 120 St,40.80295,-73.942954,810,1289700,616411,77,1592.2222222222222
Madison Ave & E 82 St,40.7781314,-73.96069399,2908,2768288,75194,61,951.9559834938102
Madison Ave & E 99 St,40.78948541553215,-73.9524292945862,2285,1759277,19469,65,769.9242888402625
Madison St & Clinton St,40.71269042,-73.98776323,3868,4001780,1058966,61,1034.5863495346432
Madison St & Montgomery St,40.713126,-73.984844,3406,2343106,151118,61,687.9348209042865
Maiden Ln & Pearl St,40.70706456,-74.00731853,3755,3278997,205535,61,873.2348868175766
Marcus Garvey Blvd & Macon St,40.682601,-73.938037,954,2486429,1304306,68,2606.3197064989517
Marcy Ave & Lafayette Ave,40.6900815,-73.94791500000001,678,634103,53398,73,935.2551622418879
Market St & Cherry St,40.71076228,-73.99400398,3240,2610080,114196,62,805.5802469135803
McGuinness Blvd & Eagle St,40.73555,-73.95284000000001,2829,2176450,265239,64,769.3354542241075
McKibbin St & Manhattan Ave,40.70510918,-73.94407279,744,572930,7345,62,770.0672043010753
Mercer St & Bleecker St,40.72706363348306,-73.99662137031554,8123,5915683,253598,65,728.2633263572571
Mercer St & Spring St,40.72362738,-73.99949601,6093,5335232,132753,65,875.633021500082
Meserole Ave & Manhattan Ave,40.72708584,-73.95299117,3954,2433550,22795,64,615.4653515427415
Metropolitan Ave & Bedford Ave,40.71534825,-73.96024116,7638,5268379,74204,61,689.7589683163131
Metropolitan Ave & Meeker Ave,40.71413311,-73.95234386,2901,1684941,82446,66,580.8138572905895
Milton St & Franklin St,40.72906,-73.95779,4849,3418531,86700,61,704.9971128067643
Monroe St & Bedford Ave,40.6851443,-73.95380904,2465,2248439,822576,62,912.1456389452333
Monroe St & Classon Ave,40.684568299999995,-73.95881081,1509,1427773,87504,61,946.1716368455931
Monroe St & Tompkins Ave,40.686203000000006,-73.944694,1636,1351541,139869,70,826.1253056234718
Montgomery St & Franklin Ave,40.666439306870814,-73.96055638790129,368,241377,3159,62,655.9157608695652
Montrose Ave & Bushwick Ave,40.70767788,-73.94016171,2294,2688076,550972,73,1171.785527462947
Morningside Ave & W 123 St,40.81,-73.9551508,1316,1674938,332437,62,1272.7492401215804
Morningside Dr & Amsterdam Ave,40.81028506306003,-73.95736455917357,716,519979,6466,63,726.227653631285
Mott St & Prince St,40.72317958,-73.99480012,7800,6409384,230629,62,821.7158974358974
Mt Morris Park W & W 120 St,40.804038,-73.945925,1601,2766396,1316793,61,1727.9175515302936
Murray St & Greenwich St,40.71485150526252,-74.01122331619263,5884,4698611,206821,61,798.5402787219579
Murray St & West St,40.7149787,-74.013012,5606,4825982,101177,61,860.8601498394577
Myrtle Ave & Lewis Ave,40.69681963,-73.93756926,2505,3811467,1461968,63,1521.5437125748504
Myrtle Ave & Marcy Ave,40.69539817,-73.94954908,1250,3075335,1093031,61,2460.268
Myrtle Ave & St Edwards St,40.69327018,-73.97703874,1431,1815090,646992,70,1268.406708595388
N 11 St & Kent Ave,40.72248188638219,-73.95921930670737,1400,1244562,164011,61,888.9728571428572
N 12 St & Bedford Ave,40.72079821,-73.95484712,2742,1694181,16325,68,617.863238512035
N 15 St & Wythe Ave,40.724055,-73.955736,1391,922707,45304,63,663.3407620416966
N 6 St & Bedford Ave,40.71745169,-73.95850939,7358,5291556,397299,61,719.1568360967655
NYCBS DEPOT - DELANCEY,40.71644423134479,-73.9823305606842,4,65595,64315,398,16398.75
NYCBS Depot - GOW,40.66906013501107,-73.99463653564453,127,163939,8421,61,1290.8582677165355
Nassau Ave & Newell St,40.724812564400175,-73.94752621650694,2497,1767722,42172,62,707.9383259911895
Nassau Ave & Russell St,40.725570000000005,-73.94434,3809,2916633,505064,64,765.721449199265
Nassau St & Navy St,40.69839895,-73.98068914,1569,2731596,518015,78,1740.9789674952199
Newton Rd & 44 St,40.7595701,-73.91426779999999,560,489583,9067,63,874.2553571428572
Newtown Ave & 23 St,40.7713615,-73.9246145,730,429248,58482,90,588.0109589041095
Norfolk St & Broome St,40.7172274,-73.98802084,6933,8563305,1261699,63,1235.1514495889226
North Moore St & Greenwich St,40.72019521437465,-74.0103006362915,9924,7181869,290565,62,723.6869205965337
Nostrand Ave & Myrtle Ave,40.69527008,-73.95238108,777,734075,113460,61,944.7554697554698
Old Fulton St,40.70277159,-73.99383605,3652,5416577,292469,61,1483.1809967141292
Old Slip & Front St,40.703799200000006,-74.00838676,3515,4369275,1155594,61,1243.0369843527737
Pacific St & Classon Ave,40.67919439999999,-73.95879029999999,796,477198,2740,61,599.4949748743719
Pacific St & Nevins St,40.6853761,-73.98302136,1991,2588162,972768,63,1299.9306880964339
Park Ave & E 124 St,40.8045555,-73.93968609999999,5254,4189939,247724,71,797.4760182717929
Park Ave & Marcus Garvey Blvd,40.698617,-73.941342,850,654436,7240,98,769.9247058823529
Park Ave & St Edwards St,40.69608941,-73.97803415,623,406895,31601,68,653.1219903691814
Park Pl & Church St,40.71334184275907,-74.00935515761375,4228,3210593,62889,61,759.3644749290445
Park Pl & Franklin Ave,40.67418060000001,-73.95649470000001,1121,1216349,148087,63,1085.057091882248
Park Pl & Vanderbilt Ave,40.6767,-73.969024,3254,1888144,42994,61,580.2532267977873
Pearl St & Anchorage Pl,40.70281858,-73.98765762,2727,2947213,172604,62,1080.7528419508617
Pearl St & Hanover Square,40.7047177,-74.00926027,4619,3967744,32055,61,859.0049794327776
Peck Slip & Front St,40.707873,-74.00166999999999,4768,5155968,257284,62,1081.3691275167785
Perry St & Bleecker St,40.73535398,-74.00483091,4460,3423358,119746,66,767.5690582959642
Pershing Square North,40.751872999999996,-73.97770600000001,27847,20585562,136627,61,739.2380507774626
Pershing Square South,40.751581,-73.97791,12941,9634320,164813,61,744.480333822734
Pier 40 - Hudson River Park,40.7277140777778,-74.01129573583603,5737,5770483,145587,62,1005.8363256057173
Pierrepont St & Monroe Pl,40.69535693320225,-73.99344027042389,1134,1296283,264365,64,1143.1067019400352
Pike St & E Broadway,40.71406667,-73.99293911,5296,3886063,95334,61,733.7732250755287
Pike St & Monroe St,40.71173107,-73.99193043,3599,3118449,123885,64,866.4765212559045
Pioneer St & Richards St,40.677774799999995,-74.0094613,403,361407,39364,67,896.7915632754342
Pioneer St & Van Brunt St,40.679043,-74.011169,953,933971,152773,65,980.0325288562434
Pitt St & Stanton St,40.71926081,-73.98178024,1637,1281221,63556,62,782.6640195479536
Plaza St West & Flatbush Ave,40.675020700000005,-73.97111473,4126,2549269,61313,62,617.8548230731943
Pleasant Ave & E 116 St,40.794987899999995,-73.9333349,2683,2859892,412850,75,1065.930674617965
Pleasant Ave & E 120 St,40.7974772,-73.9311847,869,878545,160542,67,1010.9838895281933
President St & Henry St,40.6828003,-73.99990419,1810,1066361,14699,63,589.149723756906
Prospect Park West & 8 St,40.66514681533792,-73.97637605667114,2113,1749775,77187,65,828.09985802177
Prospect Pl & 6 Ave,40.6793307,-73.97519523,1731,1027321,61453,66,593.4841132293471
Prospect Pl & Underhill Ave,40.6769694,-73.96579,2025,1363457,17046,69,673.3120987654321
Pulaski St & Marcus Garvey Blvd,40.693398200000004,-73.939877,748,742457,133040,71,992.5895721925134
Putnam Ave & Nostrand Ave,40.684020000000004,-73.94977,821,871058,166277,65,1060.9719853836784
Putnam Ave & Throop Ave,40.6851532,-73.94111,1292,1040099,66097,70,805.0301857585139
Queens Plaza North & Crescent St,40.75110165,-73.94073717,3728,3698165,89081,61,991.9970493562232
Railroad Ave & Kay Ave,40.70531194,-73.97100056,112,88226,2221,99,787.7321428571429
Reade St & Broadway,40.71450451,-74.00562789,4564,3969450,655855,64,869.730499561788
Richards St & Delavan St,40.67943270000001,-74.00785041,439,326240,3790,75,743.1435079726651
Richardson St & N Henry St,40.71907891179564,-73.94223690032959,2190,1063258,6708,74,485.5059360730594
Riverside Blvd & W 67 St,40.777507027547976,-73.98888587951659,3593,3866170,201281,64,1076.0283885332592
Riverside Dr & W 104 St,40.8013434,-73.97114574390001,1467,1917114,28979,67,1306.8261758691206
Riverside Dr & W 72 St,40.780577990103346,-73.98562431335448,3286,3666016,80660,63,1115.6469872185028
Riverside Dr & W 78 St,40.78414472,-73.98362492,1681,2323430,256668,62,1382.1713265913147
Riverside Dr & W 82 St,40.78720869,-73.98128127,2533,4390335,760309,61,1733.255033557047
Riverside Dr & W 91 St,40.793134809866636,-73.97700369358063,1381,1818366,80541,68,1316.7023895727734
Rivington St & Chrystie St,40.72110063,-73.99192540000001,5049,6708852,1047161,61,1328.7486631016043
Rivington St & Ridge St,40.71850211,-73.98329859,4699,3792175,72660,63,807.0174505213876
Roebling St & N 4 St,40.714690000000004,-73.95739,2100,1547315,82417,62,736.8166666666667
Rogers Ave & Sterling St,40.6630619,-73.95387459999999,670,834381,22085,70,1245.344776119403
S 3 St & Bedford Ave,40.71260486,-73.96264403,4039,2800613,27765,61,693.3926714533301
S 4 St & Rodney St,40.709340000000005,-73.95608,2193,1629407,66287,69,743.0036479708162
S 4 St & Wythe Ave,40.71285887,-73.96590294,6308,5805432,564124,61,920.3284717818643
S 5 Pl & S 5 St,40.710451,-73.960876,5725,7705233,523239,61,1345.8922270742357
S Portland Ave & Atlantic Ave,40.683222541615955,-73.9738118648529,26,17464,2894,156,671.6923076923077
S Portland Ave & Hanson Pl,40.68539567,-73.97431458,2173,2213607,798665,61,1018.6870685687988
Schermerhorn St & Bond St,40.68841742754083,-73.98451656103134,4371,3404840,347630,61,778.9613360787005
Schermerhorn St & Court St,40.69102925677968,-73.99183362722397,3250,1954591,64658,61,601.4126153846154
Scholes St & Manhattan Ave,40.70870368,-73.9448625,1854,1376711,15996,66,742.5625674217907
Sigourney St & Columbia St,40.67267243410948,-74.00879524648191,575,544181,63607,90,946.4017391304347
Smith St & 3 St,40.678724200000005,-73.99599099,2028,1207706,70111,63,595.5157790927021
Smith St & 9 St,40.67469570000001,-73.99785768,2277,2477632,895773,74,1088.1124286341678
South End Ave & Liberty St,40.711512,-74.01575600000001,10770,11483505,1020660,61,1066.24930362117
South St & Gouverneur Ln,40.70355377,-74.00670227,5806,6300860,103184,61,1085.23251808474
South St & Whitehall St,40.70122128,-74.01234218,3446,3784623,89133,61,1098.2655252466627
Spruce St & Nassau St,40.71146364,-74.00552427,2222,4530142,2403037,61,2038.7677767776777
St James Pl & Oliver St,40.71307916,-73.99851193,4283,4073354,1072245,63,951.0515993462526
St James Pl & Pearl St,40.71117416,-74.00016545,2142,1736647,225938,62,810.7595704948646
St Johns Pl & Washington Ave,40.6737236,-73.9631611,2145,1699455,50536,63,792.2867132867133
St Marks Pl & 1 Ave,40.72779126,-73.98564945,9788,7662680,306136,61,782.8647323252962
St Marks Pl & 2 Ave,40.7284186,-73.98713956,9568,7336667,364570,61,766.7921195652174
St Nicholas Ave & Manhattan Ave,40.809725,-73.953149,2595,2220841,381848,61,855.8154142581889
St. Nicholas Ave & W 126 St,40.8114323,-73.95187759999999,1868,3968513,1015476,63,2124.4716274089938
Stagg St & Union Ave,40.70877084,-73.95095259,2656,4253455,500780,63,1601.4514307228915
Stanton St & Chrystie St,40.72229346,-73.99147535,7127,5651046,270551,61,792.9066928581451
Stanton St & Mangin St,40.71782143,-73.97628939,3066,2634717,149004,62,859.3336594911938
Stanton St & Norfolk St,40.720746999999996,-73.986274,2074,1629616,52839,64,785.7357762777242
State St & Smith St,40.68926942,-73.98912867,3027,3094086,792076,66,1022.1625371655105
Steinway St & 23 Ave,40.771393700000004,-73.9077436,659,846821,346269,76,1285.0091047040971
Steinway St & 28 Ave,40.7656251,-73.9136695,842,476944,3996,83,566.4418052256532
Sterling Pl & 7 Ave,40.67716489469059,-73.97382795810701,1210,649882,44938,62,537.0925619834711
Sterling Pl & Bedford Ave,40.672695000000004,-73.954131,1437,1270659,233442,64,884.2442588726514
Sterling St & Bedford Ave,40.6627059,-73.9569115,443,999414,240272,62,2256.013544018059
Suffolk St & Stanton St,40.72066442,-73.98517977,7949,7048957,839558,62,886.7728016102654
Sullivan Pl & Bedford Ave,40.6642406,-73.9574686,304,358952,60710,61,1180.7631578947369
Sullivan St & Washington Sq,40.73047747,-73.99906065,7370,6039084,847028,61,819.414382632293
Throop Ave & Myrtle Ave,40.69622937,-73.94371094,665,576241,7301,65,866.5278195488722
Tompkins Ave & Hopkins St,40.69957608,-73.94708417,1032,780783,15277,83,756.5726744186046
Underhill Ave & Lincoln Pl,40.674012299999994,-73.9671457,2523,1725408,18525,68,683.8715814506539
Underhill Ave & Pacific St,40.6804836,-73.9646795,1620,1131137,8190,73,698.2327160493827
Union Ave & Jackson St,40.7160751,-73.95202900000001,1251,1311102,259195,69,1048.0431654676258
Union Ave & N 12 St,40.71924,-73.95241999999999,2792,1633077,29240,66,584.9129656160459
Union Ave & Wallabout St,40.70029511,-73.95032283,664,540722,17156,84,814.3403614457832
Union St & 4 Ave,40.6772744,-73.98282002,2498,1590935,52558,65,636.8835068054443
Union St & Bedford Ave,40.6691783,-73.9554162,576,526154,18837,61,913.4618055555555
Union St & Nevins St,40.67909799721684,-73.98765474557877,1563,1600877,287621,70,1024.233525271913
University Pl & E 14 St,40.73492695,-73.99200509,13232,9274176,198469,61,700.8899637243047
University Pl & E 8 St,40.73143724085228,-73.99490341544151,7327,4729414,68184,64,645.4775487921387
Van Brunt St & Van Dyke St,40.675832943912894,-74.01472628116608,1362,1300069,81852,62,954.5293685756241
Van Brunt St & Wolcott St,40.6773429,-74.01275056,1102,1261212,109369,61,1144.475499092559
Vernon Blvd & 10 St,40.7671863,-73.9373554,935,814964,19943,62,871.6192513368984
Vernon Blvd & 30 Rd,40.770845,-73.93417099999999,790,545966,4714,74,691.0962025316455
Vernon Blvd & 31 Ave,40.7692475,-73.93545040000001,690,535379,4039,67,775.9115942028985
Vernon Blvd & 41 Rd,40.7552433,-73.94856779999999,354,434157,12690,65,1226.4322033898304
Vernon Blvd & 47 Rd,40.7449067,-73.9534573,1420,958783,5886,62,675.1992957746479
Vernon Blvd & 50 Ave,40.74232744,-73.95411749,4634,2511641,32236,63,542.002805351748
Verona Pl & Fulton St,40.680356084043396,-73.94767910242079,1152,1623404,438142,71,1409.204861111111
Vesey Pl & River Terrace,40.715337899999994,-74.01658354,9756,9326342,238091,61,955.9596145961459
W 100 St & Broadway,40.797372100000004,-73.97041192,3849,3271156,15904,61,849.8716549753183
W 100 St & Manhattan Ave,40.795,-73.9645,2734,2939991,318442,61,1075.3441843452817
W 104 St & Amsterdam Ave,40.79904139288298,-73.96649479866028,1862,1967660,147310,62,1056.7454350161117
W 106 St & Amsterdam Ave,40.80083629999999,-73.9664492472,2280,2505899,340300,64,1099.0785087719298
W 106 St & Central Park West,40.798185600000004,-73.96059090060001,2824,3669407,264447,64,1299.3650849858357
W 107 St & Columbus Ave,40.7997568,-73.9621128676,1605,1422594,72879,65,886.3514018691588
W 11 St & 6 Ave,40.73532427,-73.99800419,7623,5086543,78791,66,667.2626262626262
W 110 St & Amsterdam Ave,40.802692,-73.96295,2518,2402814,75329,61,954.2549642573471
W 113 St & Broadway,40.805973,-73.964928,2014,1938907,134289,61,962.714498510427
W 116 St & Amsterdam Ave,40.8067581,-73.9607082,2180,1815443,94780,62,832.7720183486239
W 116 St & Broadway,40.8082,-73.9641,1921,1757370,19654,61,914.8204060385216
W 12 St & W 4 St,40.73756121181137,-74.00398269295692,5941,4133212,124526,65,695.7098131627672
W 120 St & Claremont Ave,40.8109494,-73.9634,1133,1110323,19902,63,979.9849955869373
W 129 St & Convent Ave,40.81439443791581,-73.95324736833571,827,924182,70822,64,1117.5114873035066
W 13 St & 5 Ave,40.735445,-73.99431,3411,2387183,106394,62,699.8484315450015
W 13 St & 7 Ave,40.73781509,-73.99994661,9603,6109143,48663,61,636.1702592939706
W 15 St & 10 Ave,40.742753828659026,-74.00747358798982,5893,5579300,68497,61,946.767351094519
W 15 St & 6 Ave,40.73804614248277,-73.99642959237099,8759,7057257,1007493,61,805.7149217947255
W 15 St & 7 Ave,40.73935542,-73.99931783,8831,6004749,343546,61,679.9625184010871
W 16 St & 8 Ave,40.74102150900266,-74.001384973526,16088,10061347,254353,61,625.394517652909
W 16 St & The High Line,40.74334935,-74.00681753,7936,5944076,289166,61,749.0015120967741
W 17 St & 9 Ave,40.7429489166009,-74.00413691997528,3480,2587891,44962,61,743.6468390804598
W 18 St & 6 Ave,40.73971301,-73.99456405,12585,8520777,237715,61,677.0581644815256
W 18 St & 9 Ave,40.7435337324616,-74.00367558002472,5678,4317993,100396,62,760.477809087707
W 20 St & 11 Ave,40.746745000000004,-74.007756,15301,11348913,113184,61,741.710541794654
W 20 St & 7 Ave,40.74238787,-73.99726235,9648,10173672,2754673,62,1054.4850746268658
W 20 St & 8 Ave,40.74345335,-74.00004031,8337,5724576,211640,61,686.6469953220583
W 21 St & 6 Ave,40.74173969,-73.99415556,21044,13891090,620422,61,660.0974149401254
W 22 St & 10 Ave,40.74691959,-74.00451887,9793,6699194,73491,61,684.0798529561932
W 22 St & 8 Ave,40.74475148,-73.99915362,9824,7129863,926788,61,725.7596701954398
W 24 St & 7 Ave,40.74487634,-73.99529885,12217,8292101,77413,61,678.7346320700663
W 25 St & 6 Ave,40.74395411,-73.99144871,10936,7250323,85278,61,662.9775969275786
W 26 St & 10 Ave,40.749717753,-74.002950346,7578,6099523,718833,61,804.898785959356
W 26 St & 8 Ave,40.74734825,-73.99723551,11344,7299874,113538,62,643.5008815232723
W 27 St & 10 Ave,40.750181563256824,-74.00218427181244,10495,7611522,345381,61,725.2522153406384
W 27 St & 7 Ave,40.746646999999996,-73.993915,11704,8107198,101216,61,692.6860902255639
W 31 St & 7 Ave,40.749156,-73.9916,14984,10192113,96481,62,680.1997463961559
W 33 St & 7 Ave,40.75019995,-73.99093085,14845,11359515,317418,62,765.2081508925564
W 34 St & 11 Ave,40.75594159,-74.0021163,6775,6502484,208979,61,959.7762361623617
W 35 St & Dyer Ave,40.754691750226016,-73.9974018931389,4635,3766664,215090,61,812.6567421790722
W 37 St & 10 Ave,40.75660359,-73.9979009,8096,6275063,222767,63,775.0818922924901
W 37 St & 5 Ave,40.75038009,-73.98338988,7166,5431665,229021,62,757.9772536980184
W 38 St & 8 Ave,40.75466591,-73.99138152,15345,12116707,702360,61,789.6192245030954
W 4 St & 7 Ave S,40.73401143,-74.00293877,9576,7545668,191273,62,787.9770258980785
W 41 St & 8 Ave,40.75640548,-73.9900262,16584,12550499,551637,61,756.7835865894839
W 42 St & 8 Ave,40.75756989999999,-73.99098507,8735,6759014,144016,61,773.7852318259874
W 42 St & Dyer Ave,40.75898481399634,-73.99379968643187,8679,6664942,86173,61,767.9389330568038
W 43 St & 10 Ave,40.76009437,-73.99461843,8623,6559771,286939,61,760.729560477792
W 43 St & 6 Ave,40.75527307,-73.98316936,9173,6766630,85530,61,737.6681565463862
W 44 St & 5 Ave,40.75500254,-73.98014437,6907,4672805,39461,61,676.5317793542782
W 45 St & 6 Ave,40.75668720603179,-73.98257732391356,2533,2459981,317693,65,971.1729174891433
W 45 St & 6 Ave,40.7568001,-73.98291153,1811,1313995,53566,77,725.563224737714
W 45 St & 8 Ave,40.75929124,-73.98859651,8735,7082284,108473,61,810.7938179736691
W 46 St & 11 Ave,40.76341379,-73.99667444,6664,5487799,20655,63,823.4992496998799
W 47 St & 10 Ave,40.76269882,-73.99301222,7932,6262583,388830,77,789.5339132627332
W 49 St & 8 Ave,40.76227205,-73.98788205,9098,6152798,240239,62,676.2802813805232
W 50 St & 9 Ave,40.76360467795863,-73.98917958140373,4101,3058886,43410,62,745.88783223604
W 52 St & 11 Ave,40.76727216,-73.99392888,6603,6272846,678013,64,949.9993942147509
W 52 St & 5 Ave,40.75992262,-73.97648516,7277,5544574,74489,61,761.9312903669095
W 52 St & 6 Ave,40.76132983124814,-73.97982001304626,12230,8218114,73457,61,671.9635322976288
W 53 St & 10 Ave,40.76669671,-73.99061728,7894,6070012,442834,61,768.9399543957436
W 54 St & 9 Ave,40.76584941,-73.98690506,5892,4500844,158836,61,763.8906992532247
W 55 St & 6 Ave,40.76309387270797,-73.97835016250609,8246,6483004,157529,61,786.1998544748969
W 56 St & 10 Ave,40.768254,-73.988639,6277,4721638,52923,63,752.2125219053688
W 59 St & 10 Ave,40.770513,-73.988038,5487,4478814,110240,61,816.2591580098415
W 63 St & Broadway,40.77163851,-73.98261428,8436,6436825,34407,61,763.0186107159791
W 64 St & Thelonious Monk Circle,40.77515953434235,-73.98918695747851,5806,5118882,90300,65,881.653806407165
W 67 St & Broadway,40.77492513,-73.98266566,6872,5180017,299616,61,753.7859429569266
W 70 St & Amsterdam Ave,40.77748046,-73.98288594,6115,4947325,143456,61,809.0474243663124
W 74 St & Columbus Ave,40.7785669,-73.97754961,3636,2376555,46837,61,653.6179867986799
W 76 St & Columbus Ave,40.7801839724239,-73.97728532552719,4426,3557522,100937,61,803.7781292363308
W 78 St & Broadway,40.78339981,-73.98093133,3752,2912261,57232,65,776.1889658848614
W 82 St & Central Park West,40.78275,-73.97137,4841,4544191,242850,61,938.6884941127867
W 84 St & Broadway,40.7867947,-73.977112,4178,3577909,60084,65,856.3688367640019
W 84 St & Columbus Ave,40.78499979,-73.97283406,4935,3453919,16372,62,699.8822695035461
W 87 St & Amsterdam Ave,40.78839,-73.9747,3356,2947441,75936,63,878.2601311084625
W 88 St & West End Ave,40.790254173304184,-73.97718340158461,2631,2443763,152323,62,928.8342835423794
W 89 St & Columbus Ave,40.7882213,-73.97041561,4368,3941972,495117,67,902.4661172161173
W 90 St & Amsterdam Ave,40.79017948095081,-73.97288918495178,2623,2189036,86798,61,834.5543271063667
W 92 St & Broadway,40.7921,-73.9739,3283,2320433,4945,62,706.8026195552848
W 95 St & Broadway,40.7937704,-73.971888,4679,3895658,192805,62,832.583458003847
W Broadway & Spring Street,40.72494672359416,-74.00165855884552,7146,5811345,145218,62,813.2304785894206
Warren St & Court St,40.686371,-73.99383324,2170,1688504,448030,62,778.1124423963133
Washington Ave & Greene Ave,40.68650065,-73.96563307,2085,1331202,62862,66,638.4661870503597
Washington Ave & Park Ave,40.69610226,-73.96751037,2540,2120196,90221,64,834.7228346456693
Washington Park,40.6917823,-73.97372990000001,2583,1297416,8791,61,502.29036004645764
Washington Pl & 6 Ave,40.73224119,-74.00026394,5093,3640084,107635,62,714.722953072845
Washington Pl & Broadway,40.72903917,-73.99404649,7452,5239680,520244,62,703.1239935587762
Washington St & Gansevoort St,40.739323,-74.008119,8247,8338046,758904,62,1011.0398932945313
Water - Whitehall Plaza,40.70255065,-74.0127234,3436,3127971,24219,61,910.3524447031432
Watts St & Greenwich St,40.72405549,-74.00965965,6104,4870553,241580,64,797.9280799475754
West Drive & Prospect Park West,40.6610633719006,-73.97945255041121,5059,6597843,540152,62,1304.1792844435658
West End Ave & W 107 St,40.8021174,-73.9681805305,2291,2187582,93814,65,954.859013531209
West End Ave & W 94 St,40.7941654,-73.974124,2401,2290354,70603,68,953.9167013744274
West St & Chambers St,40.71754834,-74.01322069,11682,11436064,208577,61,978.9474405067625
West Thames St,40.70834698,-74.01713445,5780,4713817,166815,62,815.5392733564014
William St & Pine St,40.70717936,-74.00887308,4318,3664206,91465,61,848.5886984715146
Willoughby Ave & Hall St,40.69196035,-73.96536851,3555,2095058,29064,67,589.3271448663854
Willoughby Ave & Tompkins Ave,40.69425403,-73.94626915,993,968768,117272,73,975.5971802618328
Willoughby Ave & Walworth St,40.69331716,-73.95381995,1033,966638,174246,75,935.757986447241
Willoughby St & Fleet St,40.69196566,-73.9813018,5702,3098187,233558,61,543.3509294984216
Wolcott St & Dwight St,40.6753274,-74.0100698,479,400258,72530,62,835.6116910229645
Wyckoff St & 3 Ave,40.6827549,-73.98258555,1957,1334411,201041,61,681.8656106285131
Wyckoff St & Bond St,40.68461653897949,-73.98721285164356,467,504611,240302,62,1080.5374732334046
Wythe Ave & Metropolitan Ave,40.716887,-73.96319799999999,5791,5499971,445997,68,949.7446036953894
